{
    "OH2": {
        "atomic_positions": "O 4.7571 4.0 3.902317 \n H 5.5142 4.0 4.488417 \n H 4.0 4.0 4.488417",
        "atomic_species": "H 1.0 H_ONCV_PBE-1.0.upf \n O 1.0 O_ONCV_PBE-1.0.upf",
        "cell_size": "9.5142 0.0 0.0 \n 0.0 8.0 0.0 \n 0.0 0.0 8.5861",
        "nat": 3,
        "neldw": 4,
        "nelec": 8,
        "nelup": 4,
        "nspin": 1,
        "ntyp": 2
    }
}
